company,type,first_flagged,indicator_at_flag,reason,followup,status_2026,source
安邦保险集团(含安邦人寿/安邦财险),寿险+财险集团,2018年2月,监管认定其違規經營可能嚴重危及公司償付能力,股东问题、关联交易、激进经营、虚假出资嫌疑,2018年2月原保监会接管（期限一年、后延长）；2019年7月大家保险集团注册成立（注册资本203.6亿元，保险保障基金、中石油、上汽出资）承接安邦人寿、安邦养老、安邦资产股权；另设大家财险承接安邦财险部分业务；2020年2月接管结束，安邦集团及安邦财险解散清算，大家保险集团恢复正常经营能力,原監管報告及多方報導交叉引用,高
华夏人寿,寿险,2020年7月,被依法接管（接管前已被认定存在重大风险）,股东违规操作、关联交易、激进经营、资产负债错配,2020年7月起接管（多次延长）；2022年保险保障基金主导筹建瑞众人寿；2023年6月瑞众人寿开业，依法受让华夏人寿资产负债、有效保单及机构网点,华夏人寿已不存在，业务由瑞众人寿承接,https://www.jiemian.com/article/9578706.html,高
天安人寿,寿险,2020年7月,被依法接管,股东风险传导（西水股份、明天系）、资产负债错配,2020年7月起接管；2023年“国家队”中央汇金与保险保障基金联合接盘，拟更名中汇人寿（汇金持股80%、保障基金20%）；2023年中汇人寿获批开业承接天安人寿保单负债、有效资产及全部机构网点,天安人寿已不存在，业务由中汇人寿承接,https://www.jiemian.com/article/9578706.html,高
天安财险,财险,2020年7月,被依法接管,同天安人寿（明天系股东风险）,2020年7月起接管；业务资产包在交易所挂牌转让；上海国企申能集团拟接手并与其他上海地方国企共同设立申能财险,处置中，拟由申能财险承接,搜尋摘要交叉引用,中
易安财险,财险,2020年7月,被依法接管,股东风险、资本补充困难,2020年7月起接管；比亚迪通过增资全资控股（100%）并更名比亚迪财险,已完成风险处置，现为比亚迪财险,https://m.mp.oeeee.com/a/BAAFRD000020230227768291.html,高
新光海航人寿（后更名华汇人寿）,寿险,约2015年（外资股东新光人寿退出后资本金不足）,持续多季度综合、核心偿付能力承压,台资、日资股东新光海航合资模式失败、资本金不足、公司治理僵局,2015年信泰人寿受让股权后更名华汇人寿；此后因公司拟任董监高无法取得任职资格核准，董事会、监事会无法正常履职，自2022Q1起风险综合评级持续为C类，已连续逾十个季度不达标；2024Q4仅剩一款团体定期寿险在售，业务近乎停滞,2026Q2仍列入5家不达标名单（量化指标已达标，但评级C类不达标）,https://news.qq.com/rain/a/20240814A08H3800,高
中法人寿（后更名小康人寿）,寿险,约2010年代中（连续亏损15年）,连续15年亏损、净资产持续为负,中方股东（邮政集团）与法方股东（法国CNP）增资僵局多年未决、资本金屡近枯竭（曾传综合偿付能力充足率降至-16131%的极端数字）,2023年更名小康人寿并将总部由北京迁至上海，引入新股东结构；2024年扭亏为盈（净利润5.14亿元），业务扩展至北京、上海、湖南；2024年末核心、综合偿付能力充足率同为310.88%，评级BBB,已脱离不达标名单，视为增资重组成功案例（唯一由“资不抵债”转为“偿付能力优良”的样本）,https://insurance.jrj.com.cn/2025/05/21080750550733.shtml,中
中融人寿,寿险,2015年三季度末,综合偿付能力充足率-115.95%,大股东（中植企业集团）举牌股票浮亏、经营激进、关联交易,监管曾责令其不得新增股票投资；2021年净亏损65.36亿元，年末净资产-33.33亿元；截至2022年6月末净资产-41.12亿元，严重资不抵债；2022年下半年大股东中植集团爆雷,不明，公开資料在2022年後基本中斷，市场推测仍处于风险处置或停滞状态（未查得2024-2026年最新官方處置結果，待確認）,https://news.vobao.com/article/843557444417363043.shtml,中
渤海人寿,寿险,约2021年前后（具体首次点名季度未查得）,风险综合评级持续为C类,风险综合评级不达标（公司治理、资产负债管理相关问题为主因；与财险性质的渤海财险为姊妹公司但主体不同）,连续多季度评级不达标，曾出现在多份“XX家险企不达标”名单中,未查得2024-2026年最新状态（待確認）,搜尋摘要交叉推断，未查得直接来源,低
渤海财险,财险,约2021年（车险占比过高导致承保连续亏损）,2021Q3/Q4综合偿付能力充足率约100.26%、101.72%,车险业务占比达86.84%导致承保连续亏损（2021年车险承保亏损4.69亿元）、风险综合评级持续为C类,2022年拟增资不超21亿元引入新股东（合计持股不超51.55%），用于补充偿付能力及支持非车险业务发展,未查得2024-2026年最新处置结果（待確認）,https://www.jiemian.com/article/7443631.html,中
都邦财险,财险,约2023年（风险评级降为C类）,核心、综合偿付能力充足率较2023年末下滑,经营情况不佳、盈利能力下降、公司治理（操作风险）存在问题,持续列入历年“不达标险企”名单（2023-2024多次被点名）,未查得2025-2026年最新处置结果（待確認）,https://jrj.wuhan.gov.cn/ztzl_57/xyrd/bxy/202405/t20240531_2410050.shtml,中
安心财险,财险,约2020-2021年（具体首次点名季度未查得）,综合、核心偿付能力充足率均为-884.85%（极端负值，三项指标均“踩红线”）,经营激进、资本严重不足、风险综合评级D类,长期列入不达标名单；2022年“安心、渤海、都邦等12家险企偿付能力不达标”报导中被点名,未查得2024-2026年最新处置结果（待確認；有網路傳聞股權變動但未經證實）,搜尋摘要交叉引用,中
君康人寿,寿险,2020年前三季度,核心、综合偿付能力充足率均降至102.47%，风险综合评级C类,大股东忠旺集团（辽宁忠旺）财务危机传导；累计亏损超12亿元（2020年前三季）,2022年9月忠旺集团被法院裁定进入破产重整程序；监管对君康人寿实施“贴身监管”限制新业务；此后年报及偿付能力报告停止披露,2025年12月传出“富泽人寿”（新设170亿资本险企）拟接盘君康人寿资产，处置迎进展，可能“换牌”退出市场,https://finance.sina.com.cn/money/insurance/bxyx/2025-12-17/doc-inhccfwf7386980.shtml,中
百年人寿,寿险,2022年（净亏损27.1亿元）／2023Q1（净资产转负）,2023Q1综合偿付能力充足率102.59%、核心64.43%,大股东万达集团房地产风险传导、激进投资致净资产由正转负（2023Q1净资产-4.2亿元）资不抵债,2024年大连市国资平台“大连金运”（大连市财政局全资控股）通过增资入股+股权受让成为第一大股东（持股11.51%）；2023年一季报后连续停止披露偿付能力报告及年报,2025-2026年：已连续两年以上未披露任何偿付能力报告、年报；280亿元关联交易被曝光；国资入股尚未转化为经营层面明显改善,https://news.qq.com/rain/a/20241105A03PW100,中
北大方正人寿,寿险,2022-2023年之交,2023Q1风险综合评级D级；核心偿付能力充足率19.77%、综合39.53%,大股东北大方正集团破产重整导致股权变更；经营连年巨亏（2022-2024年三年累计亏损近30亿元）,2022年12月股权转让获批，新方正控股发展（51%）、明治安田（29.24%）、海尔金控（19.76%）成为新股东；三大股东拟共计增资17亿元补充资本,2026Q1数据显示北大方正人寿综合偿付能力充足率仍低于120%（与幸福人寿并列监管关注名单），尚未完全脱离薄弱状态,https://finance.sina.com.cn/money/insurance/bxyx/2023-09-25/doc-imznwtpn9183370.shtml,中
幸福人寿,寿险,约2019-2020年（评级机构下调评级）,多家评级机构下调幸福人寿主体信用评级,大股东中国信达（资产管理公司性质）非保险产业资本、经营持续承压,2020年7月中国信达将所持50.995%股权转让予诚泰保险（30%）及东莞交投（20.995%），幸福人寿脱离信达系,2026Q1数据显示综合偿付能力充足率仍低于120%（与北大方正人寿并列）,https://m.thepaper.cn/detail/27893004,中
富德生命人寿（原生命人寿）,寿险,2021年四季度（最后一次披露）,综合偿付能力充足率103%、核心87%（逼近监管红线）,2015年万能险冲规模成保费第三大寿险公司（1651.94亿元）；2016年监管收紧万能险新规叠加实际控制人张峻被调查，保费持续下滑,2021年后连续4年（2021-2025）未披露偿付能力报告及年度报告；2023年4月因上一年度资产负债管理能力评估不利，股权投资管理和不动产投资管理能力暂时不达标,截至2025年末仍连续4年以上未披露官方偿付能力数据，市场普遍认为财务状况堪忧，但因未披露无法列入官方不达标名单,https://finance.sina.com.cn/money/insurance/bxyx/2025-12-15/doc-inhawiac3870419.shtml,中
上海人寿,寿险,2018年（增资不满两年核心偿付能力即下滑）,核心偿付能力充足率跌至117%,资本消耗速度快于增资节奏,未查得后续详细追踪资料（待確認）,未查得2020年代最新处置结果（待確認）,https://www.nbd.com.cn/articles/2018-07-31/1240165.html,低
信泰人寿,寿险,约2022-2023年（资本压力显现）,2023Q3核心106.27%、综合121.88%（接近监管线）,经营困境、资本消耗、原实际控制人相关风险,2024年1月获批94亿元增资，浙江物产中大等4家地方国资企业入股合计持股51%，成为国资控股企业；2024年末核心117.49%、综合132.48%（充足率回升主要因最低资本下降而非经营改善）,2026年：增资纾困已完成，偿付能力已回归监管线以上，但经营质量改善仍待观察（非“仍不达标”案例，列入作为对照）,https://www.21jingji.com/article/20240125/herald/85fb83fe9aef5d9f85edbaaec2d0fc65.html,中
长安责任保险,财险,2017-2023年累计亏损（严重资不抵债于2023Q3确认）,2023Q3综合、核心偿付能力充足率均为-132.48%，净资产-8.63亿元,长期经营亏损（2017-2023年七年累计净亏损35.64亿元）、资本无法及时补充、增资扩股迟迟未获监管核准,连续6个季度风险综合评级D类；自2023Q3后连续7个季度以上（至2025年）未披露偿付能力报告；2025年密集收到限制高消费令，2025年9月集中裁撤13家分公司,2025-2026年：严重危机持续，基本无法正常运营偿付赔款义务，增资扩股仍待监管核准，尚无“白衣骑士”出现,https://www.sohu.com/a/899750864_122014422,高
三峡人寿,寿险,2024年一季度,风险综合评级D类；核心偿付能力充足率124.9%、综合170.81%（量化指标达标但评级不达标）,风险综合评级不达标（具体公司治理、内控问题细节未查得）,持续多季度不达标；2026年数据显示评级已从D类回升至C类，但仍属不达标,2026Q1-Q2：仍列入不达标名单（评级C类）,搜尋摘要交叉引用,中
长生人寿,寿险,2026年一季度（首次因量化指标不达标）,核心偿付能力充足率45.4%（低于50%）、综合55.5%（低于100%）,量化指标（资本不足）不达标——为2026Q1-Q2唯一一家因量化指标（而非仅评级）不达标的机构,2026年被监管下达强制监管措施（具体措施内容未完全披露）,2026Q2：仍不达标，已被采取强制监管措施,https://baijiahao.baidu.com/s?id=1873921448283567239,高
安华农险,财险,约2025年（连续两期评级C类）,风险综合评级C类（核心、综合偿付能力充足率已达标）,公司治理方面存在风险，连续两期评级C类，受农险业务周期性影响一季度保险风险上升,连续两期以上评级C类,2026Q1-Q2：持续不达标（评级C类）,https://insurance.jrj.com.cn/2026/05/14083057087677.shtml,高
前海财险,财险,约2025-2026年,风险综合评级C类（与“前海人寿”为不同法人主体，勿混淆）,经营尚未实现盈利，导致实际资本逐渐损耗,持续经营亏损,2026Q1-Q2：持续不达标（评级C类）,https://insurance.jrj.com.cn/2026/05/14083057087677.shtml,高
亚太财险,财险,约2025-2026年,风险综合评级C类（核心、综合偿付能力充足率已达标）,风险综合评级不达标具体成因未详细披露（资本层面无明显短板）,持续评级C类,2026Q1-Q2：持续不达标（评级C类）,https://insurance.jrj.com.cn/2026/05/14083057087677.shtml,高
前海人寿,寿险,2024年一季度起,未按期披露偿付能力报告,长期未按期披露（与股东宝能系风险持续相关，具体细节未深入查證）,长期未披露偿付能力报告,截至2025-2026年：仍未见公开披露最新偿付能力报告，情况不明（待確認）,https://www.cls.cn/detail/1689800,中
珠江人寿,寿险,约2023-2024年起,长期未披露偿付能力报告,长期未披露（具体原因未查得）,长期未披露,截至2025-2026年：仍未见公开披露最新偿付能力报告，情况不明（待確認）,搜尋摘要交叉引用,中
阳光信保,财险,2022年,列为偿付能力不达标财产险公司之一（具体指标数值未查得）,细节未深入查证（待確認）,细节未深入查证（待確認）,不明（待確認）,搜尋摘要交叉引用,低
